URL,Last crawled
https://www.giftaguru.com/contact,2026-09-05
https://www.giftaguru.com/custom-gifts,2026-09-05
https://www.giftaguru.com/terms-and-conditions,2026-09-05
https://www.giftaguru.com/products/luxury-planner-gift-box,2026-09-04
https://www.giftaguru.com/products/white-premium-corporate-gift-set,2026-09-04
https://www.giftaguru.com/corporate-gifting,2026-09-04
https://www.giftaguru.com/categories/eco-gifts,2026-09-04
https://www.giftaguru.com/bulk-enquiry,2026-09-04
https://www.giftaguru.com/products/sage-green-sustainable-gift-set,2026-09-04
https://www.giftaguru.com/about,2026-09-04
https://www.giftaguru.com/products/refined-folio-and-pen-gift-set,2026-09-04
https://www.giftaguru.com/privacy-policy,2026-09-04
https://www.giftaguru.com/products/grey-planner-corporate-set,2026-09-04
https://www.giftaguru.com/products/brown-luxury-stationery-set,2026-09-04
https://www.giftaguru.com/products/blue-notebook-welcome-set,2026-09-04
https://www.giftaguru.com/shop,2026-09-04
https://www.giftaguru.com/categories/joining-gifts,2026-09-03
https://www.giftaguru.com/products/luxury-clutch-executive-set,2026-09-03
https://www.giftaguru.com/products/grey-folio-and-notebook-set,2026-09-03
https://www.giftaguru.com/products/green-eco-notebook-gift-set,2026-09-03
https://www.giftaguru.com/bulk-enquiry?collection=Joining Gifts,2026-09-03
https://www.giftaguru.com/products/classic-pen-and-keychain-welcome-set,2026-09-03
https://www.giftaguru.com/products/green-gold-corporate-stationery-set,2026-09-03
https://www.giftaguru.com/bulk-enquiry?product=Brown Luxury Stationery Set,2026-09-03
https://www.giftaguru.com/products/executive-onboarding-essentials-set,2026-09-01
https://www.giftaguru.com/,2026-08-31
https://www.giftaguru.com/bulk-enquiry?product=Grey Folio %26 Notebook Set,2026-08-31
https://www.giftaguru.com/products/complete-stationery-gift-set,2026-08-31
https://www.giftaguru.com/bulk-enquiry?product=Grey Planner Corporate Set,2026-08-31
"https://www.giftaguru.com/bulk-enquiry?product=Black Gold Premium Notebook 
Set",2026-08-31
https://www.giftaguru.com/products/notebook-and-pen-executive-set,2026-08-31
https://www.giftaguru.com/search,2026-08-31
https://www.giftaguru.com/categories,2026-08-31
https://www.giftaguru.com/categories/luxury-gifts,2026-08-30